{
    "loss": 3.103252649307251,
    "accuracy": 0.44117647409439087
}