{
    "loss": 18.439374923706055,
    "accuracy": 0.5686274766921997
}